{
  "hash": "934f8c7b",
  "configHash": "2ded3353",
  "lockfileHash": "a1427d7f",
  "browserHash": "121c87e4",
  "optimized": {
    "@angular/common": {
      "src": "../../../../../node_modules/@angular/common/fesm2022/common.mjs",
      "file": "@angular_common.js",
      "fileHash": "a2087241",
      "needsInterop": false
    },
    "@angular/core": {
      "src": "../../../../../node_modules/@angular/core/fesm2022/core.mjs",
      "file": "@angular_core.js",
      "fileHash": "97dc55fb",
      "needsInterop": false
    },
    "@angular/forms": {
      "src": "../../../../../node_modules/@angular/forms/fesm2022/forms.mjs",
      "file": "@angular_forms.js",
      "fileHash": "f58cd4a5",
      "needsInterop": false
    },
    "@angular/platform-browser": {
      "src": "../../../../../node_modules/@angular/platform-browser/fesm2022/platform-browser.mjs",
      "file": "@angular_platform-browser.js",
      "fileHash": "a8ae2d9a",
      "needsInterop": false
    },
    "@angular/router": {
      "src": "../../../../../node_modules/@angular/router/fesm2022/router.mjs",
      "file": "@angular_router.js",
      "fileHash": "277c51ff",
      "needsInterop": false
    },
    "html2canvas": {
      "src": "../../../../../node_modules/html2canvas/dist/html2canvas.esm.js",
      "file": "html2canvas.js",
      "fileHash": "b9bb4b88",
      "needsInterop": false
    },
    "jspdf": {
      "src": "../../../../../node_modules/jspdf/dist/jspdf.es.min.js",
      "file": "jspdf.js",
      "fileHash": "0bf45305",
      "needsInterop": false
    }
  },
  "chunks": {
    "index.es-BIOCQDMJ": {
      "file": "index__es-BIOCQDMJ.js"
    },
    "chunk-CXNJJ2RU": {
      "file": "chunk-CXNJJ2RU.js"
    },
    "chunk-LJMBBHIZ": {
      "file": "chunk-LJMBBHIZ.js"
    },
    "chunk-JZCPY7PP": {
      "file": "chunk-JZCPY7PP.js"
    },
    "chunk-MKPE7YNA": {
      "file": "chunk-MKPE7YNA.js"
    },
    "purify.es-SCESCF4I": {
      "file": "purify__es-SCESCF4I.js"
    },
    "chunk-TXDUYLVM": {
      "file": "chunk-TXDUYLVM.js"
    }
  }
}